{
  "energy_registry": {
    "2_1": 8033.754178644166,
    "3_1": 9871.067947626238,
    "3_2": 3688.68154910378,
    "6_1": 9410.886768627597,
    "8_1": 2743.224386100662,
    "8_2": 1840.5417663604753,
    "9_1": 2237.2922079795153,
    "5_1": 9362.725609009358,
    "5_2": 8078.953413959554,
    "4_1": 7942.919502149264,
    "4_2": 2835.335263401783,
    "7_1": 5856.993218113289
  },
  "active_session": []
}